timestamp, temperature.gpu, clocks.current.sm [MHz], power.draw [W], utilization.gpu [%]
2026/09/11 11:25:25.421, 42, 300 MHz, 8.51 W, 0 %
2026/09/11 11:25:30.438, 46, 960 MHz, 76.34 W, 69 %
2026/09/11 11:25:35.449, 49, 1260 MHz, 78.04 W, 100 %
2026/09/11 11:25:40.454, 51, 1050 MHz, 72.69 W, 100 %
2026/09/11 11:25:45.466, 53, 1065 MHz, 74.47 W, 100 %
2026/09/11 11:25:50.473, 55, 1020 MHz, 77.55 W, 100 %
2026/09/11 11:25:55.480, 56, 1005 MHz, 76.08 W, 100 %
2026/09/11 11:26:00.490, 57, 990 MHz, 71.68 W, 100 %
2026/09/11 11:26:05.498, 58, 960 MHz, 73.51 W, 100 %
2026/09/11 11:26:10.506, 60, 945 MHz, 80.45 W, 100 %
2026/09/11 11:26:15.515, 61, 945 MHz, 81.77 W, 100 %
2026/09/11 11:26:20.523, 61, 1245 MHz, 77.54 W, 100 %
2026/09/11 11:26:25.535, 62, 930 MHz, 79.76 W, 100 %
2026/09/11 11:26:30.546, 63, 1020 MHz, 77.36 W, 100 %
2026/09/11 11:26:35.558, 64, 1125 MHz, 76.41 W, 100 %
2026/09/11 11:26:40.567, 64, 1110 MHz, 76.48 W, 100 %
2026/09/11 11:26:45.577, 65, 1080 MHz, 76.00 W, 100 %
2026/09/11 11:26:50.588, 65, 1110 MHz, 76.90 W, 100 %
2026/09/11 11:26:55.600, 66, 1050 MHz, 75.82 W, 100 %
2026/09/11 11:27:00.609, 66, 1095 MHz, 75.82 W, 100 %
2026/09/11 11:27:05.618, 64, 375 MHz, 33.91 W, 0 %
2026/09/11 11:27:10.627, 61, 300 MHz, 9.53 W, 0 %
2026/09/11 11:27:15.640, 60, 300 MHz, 9.45 W, 0 %
2026/09/11 11:27:20.652, 58, 300 MHz, 9.29 W, 0 %
2026/09/11 11:27:25.665, 57, 300 MHz, 12.57 W, 0 %
2026/09/11 11:27:30.678, 56, 300 MHz, 9.44 W, 0 %
2026/09/11 11:27:35.692, 55, 300 MHz, 9.41 W, 0 %
2026/09/11 11:27:40.705, 54, 300 MHz, 9.24 W, 0 %
2026/09/11 11:27:45.718, 54, 300 MHz, 9.33 W, 0 %
2026/09/11 11:27:50.730, 53, 300 MHz, 9.12 W, 0 %
2026/09/11 11:27:55.743, 52, 300 MHz, 9.27 W, 0 %
2026/09/11 11:28:00.756, 52, 300 MHz, 8.91 W, 0 %
2026/09/11 11:28:05.768, 52, 300 MHz, 8.94 W, 0 %
2026/09/11 11:28:10.781, 53, 375 MHz, 31.18 W, 0 %
2026/09/11 11:28:15.792, 52, 300 MHz, 8.90 W, 0 %
2026/09/11 11:28:20.805, 51, 300 MHz, 8.81 W, 0 %
2026/09/11 11:28:25.818, 51, 300 MHz, 9.04 W, 0 %
2026/09/11 11:28:30.832, 50, 300 MHz, 8.76 W, 0 %
2026/09/11 11:28:35.844, 50, 300 MHz, 8.70 W, 0 %
2026/09/11 11:28:40.857, 49, 300 MHz, 8.71 W, 0 %
2026/09/11 11:28:45.870, 49, 300 MHz, 8.71 W, 0 %
2026/09/11 11:28:50.883, 48, 300 MHz, 8.64 W, 0 %
2026/09/11 11:28:55.895, 48, 300 MHz, 8.62 W, 0 %
2026/09/11 11:29:00.908, 48, 300 MHz, 8.77 W, 0 %
2026/09/11 11:29:05.921, 47, 300 MHz, 8.60 W, 0 %
2026/09/11 11:29:10.934, 48, 300 MHz, 8.59 W, 0 %
2026/09/11 11:29:15.946, 52, 1245 MHz, 76.46 W, 100 %
2026/09/11 11:29:20.956, 54, 1215 MHz, 77.34 W, 100 %
2026/09/11 11:29:25.969, 56, 1230 MHz, 75.96 W, 100 %
2026/09/11 11:29:30.977, 57, 1200 MHz, 76.33 W, 100 %
2026/09/11 11:29:35.986, 59, 1185 MHz, 75.43 W, 100 %
2026/09/11 11:29:40.997, 60, 1845 MHz, 52.65 W, 77 %
2026/09/11 11:29:46.002, 57, 300 MHz, 17.71 W, 0 %
2026/09/11 11:29:51.013, 55, 300 MHz, 9.28 W, 0 %
2026/09/11 11:29:56.027, 54, 300 MHz, 9.09 W, 0 %
2026/09/11 11:30:01.040, 53, 300 MHz, 9.09 W, 0 %
2026/09/11 11:30:06.051, 53, 300 MHz, 9.02 W, 0 %
2026/09/11 11:30:11.065, 52, 300 MHz, 8.97 W, 0 %
2026/09/11 11:30:16.077, 51, 300 MHz, 8.97 W, 0 %
2026/09/11 11:30:21.089, 51, 300 MHz, 8.81 W, 0 %
2026/09/11 11:30:26.102, 50, 300 MHz, 8.86 W, 0 %
2026/09/11 11:30:31.115, 50, 300 MHz, 8.80 W, 0 %
2026/09/11 11:30:36.127, 49, 300 MHz, 8.78 W, 0 %
2026/09/11 11:30:41.139, 49, 300 MHz, 8.71 W, 0 %
2026/09/11 11:30:46.152, 50, 600 MHz, 32.94 W, 3 %
2026/09/11 11:30:51.157, 52, 600 MHz, 33.02 W, 0 %
2026/09/11 11:30:56.163, 52, 600 MHz, 33.21 W, 0 %
2026/09/11 11:31:01.169, 53, 600 MHz, 33.32 W, 0 %
2026/09/11 11:31:06.174, 56, 1380 MHz, 73.42 W, 100 %
2026/09/11 11:31:11.189, 58, 1455 MHz, 77.26 W, 100 %
2026/09/11 11:31:16.194, 59, 1215 MHz, 77.96 W, 100 %
2026/09/11 11:31:21.202, 60, 915 MHz, 81.36 W, 100 %
2026/09/11 11:31:26.210, 61, 900 MHz, 81.35 W, 100 %
2026/09/11 11:31:31.249, 62, 900 MHz, 76.23 W, 100 %
2026/09/11 11:31:36.257, 63, 1200 MHz, 71.80 W, 100 %
2026/09/11 11:31:41.265, 64, 960 MHz, 76.18 W, 100 %
2026/09/11 11:31:46.272, 65, 870 MHz, 81.51 W, 100 %
2026/09/11 11:31:51.281, 65, 1170 MHz, 67.51 W, 100 %
2026/09/11 11:31:56.291, 66, 840 MHz, 70.34 W, 100 %
2026/09/11 11:32:01.300, 66, 825 MHz, 79.66 W, 100 %
2026/09/11 11:32:06.309, 67, 840 MHz, 72.90 W, 100 %
2026/09/11 11:32:11.318, 66, 1560 MHz, 46.12 W, 100 %
2026/09/11 11:32:16.322, 65, 600 MHz, 36.99 W, 0 %
2026/09/11 11:32:21.329, 65, 600 MHz, 36.83 W, 0 %
2026/09/11 11:32:26.335, 64, 600 MHz, 36.79 W, 0 %
2026/09/11 11:32:31.340, 66, 885 MHz, 75.82 W, 100 %
2026/09/11 11:32:36.348, 66, 900 MHz, 76.23 W, 99 %
2026/09/11 11:32:41.357, 67, 855 MHz, 73.96 W, 100 %
2026/09/11 11:32:46.368, 67, 885 MHz, 75.36 W, 100 %
2026/09/11 11:32:51.378, 66, 510 MHz, 55.76 W, 0 %
2026/09/11 11:32:56.387, 63, 300 MHz, 9.61 W, 0 %
2026/09/11 11:33:01.401, 61, 300 MHz, 9.53 W, 0 %
2026/09/11 11:33:06.414, 60, 300 MHz, 9.43 W, 0 %
2026/09/11 11:33:11.427, 59, 300 MHz, 9.29 W, 0 %
2026/09/11 11:33:16.441, 58, 300 MHz, 9.29 W, 0 %
2026/09/11 11:33:21.454, 57, 300 MHz, 9.30 W, 0 %
2026/09/11 11:33:26.467, 56, 300 MHz, 9.34 W, 0 %
2026/09/11 11:33:31.480, 55, 300 MHz, 9.24 W, 0 %
2026/09/11 11:33:36.493, 54, 300 MHz, 9.19 W, 0 %
2026/09/11 11:33:41.506, 54, 300 MHz, 9.01 W, 0 %
2026/09/11 11:33:46.518, 53, 300 MHz, 9.06 W, 0 %
2026/09/11 11:33:51.531, 53, 300 MHz, 8.98 W, 0 %
2026/09/11 11:33:56.543, 55, 600 MHz, 33.69 W, 0 %
2026/09/11 11:34:01.548, 56, 600 MHz, 33.83 W, 0 %
2026/09/11 11:34:06.554, 56, 600 MHz, 33.89 W, 0 %
2026/09/11 11:34:11.560, 57, 1425 MHz, 37.86 W, 6 %
2026/09/11 11:34:16.565, 55, 300 MHz, 9.18 W, 0 %
2026/09/11 11:34:21.579, 54, 300 MHz, 9.13 W, 0 %
2026/09/11 11:34:26.592, 53, 300 MHz, 9.13 W, 0 %
2026/09/11 11:34:31.604, 53, 300 MHz, 9.16 W, 0 %
2026/09/11 11:34:36.616, 52, 300 MHz, 9.06 W, 0 %
2026/09/11 11:34:41.628, 52, 300 MHz, 9.09 W, 0 %
2026/09/11 11:34:46.641, 51, 300 MHz, 8.93 W, 0 %
2026/09/11 11:34:51.653, 51, 300 MHz, 8.92 W, 0 %
2026/09/11 11:34:56.666, 50, 300 MHz, 8.84 W, 0 %
2026/09/11 11:35:01.678, 50, 300 MHz, 8.89 W, 0 %
2026/09/11 11:35:06.691, 49, 300 MHz, 8.69 W, 0 %
2026/09/11 11:35:11.704, 49, 300 MHz, 8.78 W, 0 %
2026/09/11 11:35:16.715, 50, 825 MHz, 32.88 W, 0 %
2026/09/11 11:35:21.721, 52, 600 MHz, 33.00 W, 0 %
2026/09/11 11:35:26.727, 53, 600 MHz, 33.21 W, 0 %
2026/09/11 11:35:31.732, 53, 600 MHz, 33.32 W, 0 %
2026/09/11 11:35:36.739, 56, 1050 MHz, 78.13 W, 96 %
2026/09/11 11:35:41.745, 57, 990 MHz, 77.13 W, 100 %
2026/09/11 11:35:46.758, 59, 990 MHz, 77.75 W, 99 %
2026/09/11 11:35:51.766, 60, 960 MHz, 76.66 W, 99 %
2026/09/11 11:35:56.775, 58, 375 MHz, 33.18 W, 0 %
2026/09/11 11:36:01.784, 56, 300 MHz, 9.23 W, 0 %
2026/09/11 11:36:06.797, 55, 300 MHz, 9.30 W, 0 %
2026/09/11 11:36:11.810, 54, 300 MHz, 9.21 W, 0 %
2026/09/11 11:36:16.823, 53, 300 MHz, 9.17 W, 0 %
2026/09/11 11:36:21.836, 53, 300 MHz, 9.12 W, 0 %
2026/09/11 11:36:26.849, 52, 300 MHz, 9.06 W, 0 %
2026/09/11 11:36:31.861, 52, 300 MHz, 9.07 W, 0 %
2026/09/11 11:36:36.874, 51, 300 MHz, 9.02 W, 0 %
2026/09/11 11:36:41.886, 51, 300 MHz, 8.81 W, 0 %
2026/09/11 11:36:46.899, 50, 300 MHz, 8.93 W, 0 %
2026/09/11 11:36:51.912, 50, 300 MHz, 8.99 W, 0 %
2026/09/11 11:36:56.924, 50, 300 MHz, 8.74 W, 0 %
2026/09/11 11:37:01.937, 54, 1215 MHz, 73.43 W, 100 %
2026/09/11 11:37:06.943, 56, 1110 MHz, 79.82 W, 99 %
2026/09/11 11:37:11.950, 58, 1065 MHz, 75.11 W, 99 %
2026/09/11 11:37:16.959, 59, 1155 MHz, 74.89 W, 99 %
2026/09/11 11:37:21.969, 60, 975 MHz, 74.42 W, 99 %
2026/09/11 11:37:26.981, 62, 1110 MHz, 74.46 W, 99 %
2026/09/11 11:37:31.994, 63, 1005 MHz, 78.36 W, 99 %
2026/09/11 11:37:37.002, 64, 1140 MHz, 76.80 W, 100 %
2026/09/11 11:37:42.010, 64, 1125 MHz, 76.48 W, 100 %
2026/09/11 11:37:47.019, 65, 1125 MHz, 76.65 W, 100 %
2026/09/11 11:37:52.031, 65, 1455 MHz, 42.34 W, 67 %
2026/09/11 11:37:57.037, 62, 300 MHz, 13.04 W, 0 %
2026/09/11 11:38:02.049, 60, 300 MHz, 9.49 W, 0 %
2026/09/11 11:38:07.062, 59, 300 MHz, 9.34 W, 0 %
2026/09/11 11:38:12.074, 58, 300 MHz, 9.25 W, 0 %
2026/09/11 11:38:17.087, 57, 300 MHz, 9.29 W, 0 %
2026/09/11 11:38:22.100, 56, 300 MHz, 9.14 W, 0 %
2026/09/11 11:38:27.113, 55, 300 MHz, 9.18 W, 0 %
2026/09/11 11:38:32.126, 54, 300 MHz, 9.06 W, 0 %
2026/09/11 11:38:37.138, 53, 300 MHz, 9.07 W, 0 %
2026/09/11 11:38:42.150, 53, 300 MHz, 8.94 W, 0 %
2026/09/11 11:38:47.163, 52, 300 MHz, 9.00 W, 0 %
2026/09/11 11:38:52.175, 52, 300 MHz, 8.86 W, 0 %
2026/09/11 11:38:57.187, 55, 1260 MHz, 76.48 W, 40 %
2026/09/11 11:39:02.195, 57, 1260 MHz, 74.80 W, 100 %
2026/09/11 11:39:07.206, 59, 1245 MHz, 75.36 W, 99 %
2026/09/11 11:39:12.216, 58, 375 MHz, 32.87 W, 0 %
2026/09/11 11:39:17.225, 56, 300 MHz, 9.28 W, 0 %
2026/09/11 11:39:22.239, 55, 300 MHz, 9.19 W, 0 %
2026/09/11 11:39:27.253, 54, 300 MHz, 8.99 W, 0 %
2026/09/11 11:39:32.266, 53, 300 MHz, 8.81 W, 0 %
2026/09/11 11:39:37.279, 52, 300 MHz, 8.87 W, 0 %
2026/09/11 11:39:42.292, 52, 300 MHz, 9.01 W, 0 %
2026/09/11 11:39:47.305, 51, 300 MHz, 8.85 W, 0 %
2026/09/11 11:39:52.318, 51, 300 MHz, 8.87 W, 0 %
2026/09/11 11:39:57.331, 50, 300 MHz, 8.82 W, 0 %
2026/09/11 11:40:02.344, 50, 300 MHz, 8.76 W, 0 %
2026/09/11 11:40:07.357, 49, 300 MHz, 8.60 W, 0 %
2026/09/11 11:40:12.370, 50, 300 MHz, 8.65 W, 0 %
2026/09/11 11:40:17.382, 54, 1245 MHz, 76.14 W, 98 %
2026/09/11 11:40:22.391, 56, 1245 MHz, 76.34 W, 100 %
2026/09/11 11:40:27.400, 58, 1200 MHz, 77.55 W, 100 %
2026/09/11 11:40:32.411, 57, 375 MHz, 32.75 W, 0 %
2026/09/11 11:40:37.420, 55, 300 MHz, 9.11 W, 0 %
2026/09/11 11:40:42.433, 54, 300 MHz, 9.11 W, 0 %
2026/09/11 11:40:47.446, 53, 300 MHz, 9.09 W, 0 %
2026/09/11 11:40:52.459, 52, 300 MHz, 8.90 W, 0 %
2026/09/11 11:40:57.471, 52, 300 MHz, 9.28 W, 0 %
2026/09/11 11:41:02.485, 51, 300 MHz, 9.26 W, 0 %
2026/09/11 11:41:07.497, 51, 300 MHz, 9.17 W, 0 %
2026/09/11 11:41:12.510, 50, 300 MHz, 9.25 W, 0 %
2026/09/11 11:41:17.523, 50, 300 MHz, 9.08 W, 0 %
2026/09/11 11:41:22.535, 49, 300 MHz, 9.06 W, 0 %
2026/09/11 11:41:27.548, 49, 300 MHz, 9.06 W, 0 %
2026/09/11 11:41:32.561, 49, 300 MHz, 9.13 W, 0 %
2026/09/11 11:41:37.573, 51, 600 MHz, 32.95 W, 0 %
2026/09/11 11:41:42.579, 52, 600 MHz, 33.21 W, 0 %
2026/09/11 11:41:47.585, 53, 600 MHz, 33.27 W, 0 %
2026/09/11 11:41:52.590, 55, 1245 MHz, 78.22 W, 64 %
2026/09/11 11:41:57.596, 58, 1140 MHz, 68.47 W, 100 %
2026/09/11 11:42:02.611, 58, 990 MHz, 76.35 W, 100 %
2026/09/11 11:42:07.620, 60, 1185 MHz, 75.74 W, 100 %
2026/09/11 11:42:12.629, 61, 1155 MHz, 76.45 W, 100 %
2026/09/11 11:42:17.639, 62, 960 MHz, 72.99 W, 100 %
2026/09/11 11:42:22.648, 63, 1170 MHz, 79.20 W, 100 %
2026/09/11 11:42:27.659, 64, 960 MHz, 74.98 W, 100 %
2026/09/11 11:42:32.674, 63, 600 MHz, 36.35 W, 0 %
2026/09/11 11:42:37.679, 62, 600 MHz, 36.21 W, 0 %
2026/09/11 11:42:42.687, 62, 600 MHz, 35.88 W, 0 %
2026/09/11 11:42:47.693, 63, 1020 MHz, 76.17 W, 99 %
2026/09/11 11:42:52.703, 64, 1050 MHz, 76.93 W, 100 %
2026/09/11 11:42:57.713, 65, 1830 MHz, 55.12 W, 0 %
2026/09/11 11:43:02.718, 62, 300 MHz, 12.41 W, 0 %
2026/09/11 11:43:07.731, 60, 300 MHz, 9.40 W, 0 %
2026/09/11 11:43:12.744, 58, 300 MHz, 9.21 W, 0 %
2026/09/11 11:43:17.757, 57, 300 MHz, 9.26 W, 0 %
2026/09/11 11:43:22.770, 56, 300 MHz, 9.18 W, 0 %
2026/09/11 11:43:27.783, 55, 300 MHz, 9.22 W, 0 %
2026/09/11 11:43:32.796, 55, 300 MHz, 9.10 W, 0 %
2026/09/11 11:43:37.808, 54, 300 MHz, 9.07 W, 0 %
2026/09/11 11:43:42.821, 53, 300 MHz, 8.99 W, 0 %
2026/09/11 11:43:47.835, 53, 300 MHz, 8.92 W, 0 %
2026/09/11 11:43:52.848, 52, 300 MHz, 9.27 W, 0 %
2026/09/11 11:43:57.861, 51, 300 MHz, 9.21 W, 0 %
2026/09/11 11:44:02.873, 53, 915 MHz, 33.41 W, 3 %
2026/09/11 11:44:07.879, 54, 600 MHz, 33.51 W, 0 %
2026/09/11 11:44:12.885, 55, 600 MHz, 33.59 W, 0 %
2026/09/11 11:44:17.890, 55, 600 MHz, 33.75 W, 0 %
2026/09/11 11:44:22.896, 58, 1185 MHz, 76.50 W, 99 %
2026/09/11 11:44:27.905, 59, 1845 MHz, 48.50 W, 99 %
2026/09/11 11:44:32.910, 57, 390 MHz, 12.07 W, 0 %
2026/09/11 11:44:37.932, 55, 300 MHz, 9.25 W, 0 %
2026/09/11 11:44:42.944, 54, 300 MHz, 9.06 W, 0 %
2026/09/11 11:44:47.957, 54, 300 MHz, 9.01 W, 0 %
2026/09/11 11:44:52.969, 53, 300 MHz, 8.97 W, 0 %
2026/09/11 11:44:57.982, 52, 300 MHz, 8.94 W, 0 %
2026/09/11 11:45:02.994, 52, 300 MHz, 8.94 W, 0 %
2026/09/11 11:45:08.007, 51, 300 MHz, 8.83 W, 0 %
2026/09/11 11:45:13.020, 51, 300 MHz, 8.95 W, 0 %
2026/09/11 11:45:18.031, 50, 300 MHz, 8.74 W, 0 %
2026/09/11 11:45:23.045, 50, 300 MHz, 8.88 W, 0 %
2026/09/11 11:45:28.057, 50, 300 MHz, 8.76 W, 0 %
2026/09/11 11:45:33.069, 50, 645 MHz, 24.15 W, 0 %
2026/09/11 11:45:38.076, 52, 600 MHz, 33.04 W, 0 %
2026/09/11 11:45:43.082, 53, 600 MHz, 33.26 W, 0 %
2026/09/11 11:45:48.087, 54, 600 MHz, 33.40 W, 0 %
2026/09/11 11:45:53.093, 56, 1155 MHz, 75.68 W, 89 %
2026/09/11 11:45:58.101, 58, 1125 MHz, 77.31 W, 99 %
2026/09/11 11:46:03.109, 58, 1845 MHz, 51.92 W, 0 %
2026/09/11 11:46:08.113, 56, 300 MHz, 12.85 W, 0 %
2026/09/11 11:46:13.124, 55, 300 MHz, 9.07 W, 0 %
2026/09/11 11:46:18.137, 54, 300 MHz, 8.94 W, 0 %
2026/09/11 11:46:23.150, 53, 300 MHz, 8.95 W, 0 %
2026/09/11 11:46:28.163, 52, 300 MHz, 8.95 W, 0 %
2026/09/11 11:46:33.176, 52, 300 MHz, 8.94 W, 0 %
2026/09/11 11:46:38.188, 51, 300 MHz, 8.91 W, 0 %
2026/09/11 11:46:43.201, 51, 300 MHz, 8.97 W, 0 %
2026/09/11 11:46:48.214, 50, 300 MHz, 8.78 W, 0 %
2026/09/11 11:46:53.227, 50, 300 MHz, 8.61 W, 0 %
2026/09/11 11:46:58.240, 49, 300 MHz, 8.55 W, 0 %
2026/09/11 11:47:03.252, 49, 300 MHz, 8.62 W, 0 %
2026/09/11 11:47:08.265, 52, 1845 MHz, 53.69 W, 38 %
2026/09/11 11:47:13.508, 54, 1155 MHz, 76.16 W, 99 %
2026/09/11 11:47:18.515, 56, 1125 MHz, 76.77 W, 99 %
2026/09/11 11:47:23.524, 58, 1170 MHz, 76.29 W, 99 %
2026/09/11 11:47:28.532, 59, 1065 MHz, 76.60 W, 99 %
2026/09/11 11:47:33.540, 61, 1155 MHz, 75.62 W, 99 %
2026/09/11 11:47:38.548, 62, 1200 MHz, 76.15 W, 100 %
2026/09/11 11:47:43.556, 63, 1200 MHz, 75.95 W, 100 %
2026/09/11 11:47:48.564, 64, 1200 MHz, 75.40 W, 99 %
2026/09/11 11:47:53.573, 62, 300 MHz, 33.47 W, 0 %
2026/09/11 11:47:58.583, 59, 300 MHz, 9.79 W, 0 %
2026/09/11 11:48:03.597, 58, 300 MHz, 9.69 W, 0 %
2026/09/11 11:48:08.610, 57, 300 MHz, 9.28 W, 0 %
2026/09/11 11:48:13.621, 56, 300 MHz, 9.17 W, 0 %
2026/09/11 11:48:18.634, 55, 300 MHz, 9.11 W, 0 %
2026/09/11 11:48:23.647, 54, 300 MHz, 9.10 W, 0 %
2026/09/11 11:48:28.659, 53, 300 MHz, 8.98 W, 0 %
2026/09/11 11:48:33.672, 53, 300 MHz, 9.02 W, 0 %
2026/09/11 11:48:38.685, 52, 300 MHz, 9.07 W, 0 %
2026/09/11 11:48:43.697, 52, 300 MHz, 8.95 W, 0 %
2026/09/11 11:48:48.710, 51, 300 MHz, 8.93 W, 0 %
2026/09/11 11:48:53.722, 52, 375 MHz, 17.44 W, 0 %
2026/09/11 11:48:58.739, 52, 300 MHz, 8.91 W, 0 %
2026/09/11 11:49:03.752, 51, 300 MHz, 8.94 W, 0 %
2026/09/11 11:49:08.765, 50, 300 MHz, 9.04 W, 0 %
2026/09/11 11:49:13.778, 50, 300 MHz, 8.84 W, 0 %
2026/09/11 11:49:18.791, 50, 300 MHz, 8.86 W, 0 %
2026/09/11 11:49:23.804, 49, 300 MHz, 8.79 W, 0 %
2026/09/11 11:49:28.817, 49, 300 MHz, 8.86 W, 0 %
2026/09/11 11:49:33.830, 49, 300 MHz, 8.82 W, 0 %
2026/09/11 11:49:38.843, 48, 300 MHz, 8.67 W, 0 %
2026/09/11 11:49:43.856, 48, 300 MHz, 8.66 W, 0 %
2026/09/11 11:49:48.868, 48, 300 MHz, 8.69 W, 0 %
2026/09/11 11:49:53.881, 47, 300 MHz, 8.60 W, 0 %
2026/09/11 11:49:58.894, 48, 585 MHz, 12.20 W, 0 %
2026/09/11 11:50:03.907, 52, 1275 MHz, 77.33 W, 100 %
2026/09/11 11:50:08.917, 55, 1260 MHz, 77.11 W, 99 %
2026/09/11 11:50:13.926, 55, 705 MHz, 32.07 W, 0 %
2026/09/11 11:50:18.937, 53, 300 MHz, 8.90 W, 0 %
2026/09/11 11:50:23.949, 52, 300 MHz, 8.99 W, 0 %
2026/09/11 11:50:28.962, 51, 300 MHz, 8.79 W, 0 %
2026/09/11 11:50:33.975, 50, 300 MHz, 8.84 W, 0 %
2026/09/11 11:50:38.986, 50, 300 MHz, 8.70 W, 0 %
2026/09/11 11:50:43.999, 49, 300 MHz, 8.73 W, 0 %
2026/09/11 11:50:49.013, 49, 300 MHz, 8.68 W, 0 %
2026/09/11 11:50:54.025, 49, 300 MHz, 8.72 W, 0 %
2026/09/11 11:50:59.038, 48, 300 MHz, 8.52 W, 0 %
2026/09/11 11:51:04.051, 48, 300 MHz, 8.60 W, 0 %
2026/09/11 11:51:09.064, 47, 300 MHz, 8.51 W, 0 %
2026/09/11 11:51:14.076, 48, 300 MHz, 8.58 W, 0 %
2026/09/11 11:51:19.088, 49, 600 MHz, 32.82 W, 0 %
2026/09/11 11:51:24.094, 50, 600 MHz, 33.06 W, 0 %
2026/09/11 11:51:29.099, 51, 600 MHz, 33.16 W, 0 %
2026/09/11 11:51:34.105, 54, 1275 MHz, 78.92 W, 93 %
2026/09/11 11:51:39.110, 56, 1050 MHz, 75.35 W, 95 %
2026/09/11 11:51:44.118, 57, 1050 MHz, 76.05 W, 100 %
2026/09/11 11:51:49.125, 59, 1020 MHz, 75.55 W, 100 %
2026/09/11 11:51:54.132, 60, 1050 MHz, 76.38 W, 100 %
2026/09/11 11:51:59.145, 61, 1020 MHz, 76.28 W, 100 %
2026/09/11 11:52:04.153, 61, 600 MHz, 39.88 W, 1 %
2026/09/11 11:52:09.159, 60, 600 MHz, 35.14 W, 0 %
2026/09/11 11:52:14.165, 60, 600 MHz, 35.11 W, 0 %
2026/09/11 11:52:19.174, 61, 1095 MHz, 77.25 W, 20 %
2026/09/11 11:52:24.183, 63, 1110 MHz, 76.78 W, 100 %
2026/09/11 11:52:29.192, 62, 1845 MHz, 54.24 W, 22 %
2026/09/11 11:52:34.197, 59, 300 MHz, 9.28 W, 0 %
2026/09/11 11:52:39.210, 58, 300 MHz, 9.59 W, 0 %
2026/09/11 11:52:44.224, 56, 300 MHz, 9.58 W, 0 %
2026/09/11 11:52:49.236, 55, 300 MHz, 9.37 W, 0 %
2026/09/11 11:52:54.249, 55, 300 MHz, 9.43 W, 0 %
2026/09/11 11:52:59.261, 54, 300 MHz, 9.28 W, 0 %
2026/09/11 11:53:04.274, 53, 300 MHz, 8.93 W, 0 %
2026/09/11 11:53:09.287, 53, 300 MHz, 8.92 W, 0 %
2026/09/11 11:53:14.300, 52, 300 MHz, 8.92 W, 0 %
2026/09/11 11:53:19.313, 51, 300 MHz, 8.84 W, 0 %
2026/09/11 11:53:24.326, 51, 300 MHz, 8.88 W, 0 %
2026/09/11 11:53:29.338, 51, 300 MHz, 8.70 W, 0 %
2026/09/11 11:53:34.350, 52, 600 MHz, 33.16 W, 0 %
2026/09/11 11:53:39.355, 53, 600 MHz, 33.32 W, 0 %
2026/09/11 11:53:44.362, 54, 600 MHz, 33.39 W, 0 %
2026/09/11 11:53:49.367, 54, 600 MHz, 33.51 W, 0 %
2026/09/11 11:53:54.373, 54, 345 MHz, 8.87 W, 0 %
2026/09/11 11:53:59.386, 53, 300 MHz, 8.93 W, 0 %
2026/09/11 11:54:04.398, 52, 300 MHz, 8.85 W, 0 %
2026/09/11 11:54:09.411, 51, 300 MHz, 8.86 W, 0 %
2026/09/11 11:54:14.424, 51, 300 MHz, 8.79 W, 0 %
2026/09/11 11:54:19.435, 50, 300 MHz, 8.85 W, 0 %
2026/09/11 11:54:24.448, 50, 300 MHz, 8.72 W, 0 %
2026/09/11 11:54:29.460, 49, 300 MHz, 8.92 W, 0 %
2026/09/11 11:54:34.472, 49, 300 MHz, 8.85 W, 0 %
2026/09/11 11:54:39.484, 49, 300 MHz, 8.77 W, 0 %
2026/09/11 11:54:44.496, 48, 300 MHz, 8.82 W, 0 %
2026/09/11 11:54:49.508, 48, 300 MHz, 8.81 W, 0 %
2026/09/11 11:54:54.520, 48, 300 MHz, 8.60 W, 0 %
2026/09/11 11:54:59.532, 50, 600 MHz, 32.89 W, 0 %
2026/09/11 11:55:04.537, 51, 600 MHz, 33.17 W, 0 %
2026/09/11 11:55:09.543, 52, 600 MHz, 33.27 W, 0 %
2026/09/11 11:55:14.548, 54, 1020 MHz, 59.06 W, 0 %
2026/09/11 11:55:19.632, 56, 1200 MHz, 76.87 W, 98 %
2026/09/11 11:55:24.640, 56, 1050 MHz, 33.99 W, 6 %
2026/09/11 11:55:29.647, 54, 300 MHz, 9.29 W, 0 %
2026/09/11 11:55:34.659, 52, 300 MHz, 9.20 W, 0 %
2026/09/11 11:55:39.672, 52, 300 MHz, 9.18 W, 0 %
2026/09/11 11:55:44.685, 51, 300 MHz, 9.08 W, 0 %
2026/09/11 11:55:49.698, 51, 300 MHz, 9.12 W, 0 %
2026/09/11 11:55:54.731, 50, 300 MHz, 8.90 W, 0 %
2026/09/11 11:55:59.744, 49, 300 MHz, 8.72 W, 0 %
2026/09/11 11:56:04.757, 49, 300 MHz, 8.81 W, 0 %
2026/09/11 11:56:09.769, 49, 300 MHz, 8.66 W, 0 %
2026/09/11 11:56:14.782, 48, 300 MHz, 8.71 W, 0 %
2026/09/11 11:56:19.795, 48, 300 MHz, 8.56 W, 0 %
